Cluster_ID,Broad_Category,Specific_Misconception_ID,Cognitive_Flaw,Pedagogical_Fix
0,General,1,"The student assumes the computer possesses an inherent understanding of the task's purpose—printing a multiplication table—and will therefore interpret their code flexibly based on that intent. This leads to the use of incorrect symbols (like '*', '+', or '??'), inconsistent loop boundaries, or incomplete concatenation syntax, under the belief that the intention of the program overrides the requirement for exact literal precision.","Emphasize that the computer is a literal processor that follows instructions exactly as written without understanding the 'goal' of the programmer. Explain that automated testers and users require output to match the specification character-for-character, and that the computer does not see symbols like 'x' or '*' as interchangeable representations of multiplication unless they are part of an arithmetic expression."
1,General,1,"The students assume the computer understands the conceptual goal of printing a 'multiplication table' and will therefore be flexible with output formatting. This leads them to use different delimiters like '*' or '??' instead of the required 'x', or to assume that placing code in a static block is equivalent to a standard entry point because the intention is clear.","Explain that computers are literal processors, not intelligent agents. Emphasize that automated grading systems and runtime environments require exact adherence to specifications, including precise string delimiters, specific entry point signatures (public static void main), and exact character-by-character output matching."
2,General,1,"The programmer assumes the compiler or execution environment can infer the intention of the code despite structural omissions or errors. This leads to submitting code snippets lacking required class wrappers (as seen in the multiple Subtree 23 samples), including invalid package declarations, or using non-standard symbols and methods (like '*' instead of 'x' or a custom range function) under the assumption that the 'multiplication' context is understood by the machine.","Explain to the student that the Java compiler acts as a literal translation engine without the ability to deduce human intent. Emphasize that every submission must be a complete, self-contained unit (usually a public class named 'Main') and that even minor formatting differences (like a missing newline or an 'x' vs a '*') will cause the program to be rejected because the machine cannot bridge the gap between 'what the student meant' and 'what was written'."
3,General,3,"The students perceive the multiplication table as a linear sequence where both the multiplicand and multiplier increment simultaneously (i.e., the diagonal of the table). They assume that because the program is intended to print a 'multiplication table', the value of the loop control variable 'i' will automatically satisfy the logical context of the problem through a single iteration, failing to recognize that a table represents a two-dimensional Cartesian product.","Ask the student to manually trace the first few iterations of their code and compare the output to the target result. Once they realize they only generate 9 lines instead of 81, introduce the concept of nested loops by explaining that for every value of 'i' (the row), a second loop 'j' must iterate through all values 1-9 (the columns) before 'i' can increment again."
4,General,1,"The student believes the execution environment or grader can infer the semantic intent of the program (generating a multiplication table) and will therefore tolerate deviations from the required output format or Java's strict syntax. This is evidenced by students using non-standard multiplication symbols like '??' or '×', or using invalid syntax that 'looks' like it should work (such as forgetting concatenation '+' or using C-style formatting inside println).","Explain that computers are literal-minded processors with no capacity for context or intuition. To correct this, students must be taught that 'close enough' is not acceptable in programming; they must verify their output character-for-character against the specification and ensure their code strictly follows the language's formal grammar rules, regardless of how clear their intention might seem."
5,General,1,"The student assumes that the computer understands the semantic goal of the program—printing a multiplication table—and will therefore accept mathematically synonymous symbols (like '*' or '??') or full-width characters in place of the exact 'x' literal. This demonstrates a belief that the system evaluates the 'correctness' of the concept or the intention behind the code rather than performing a strict, character-for-character comparison of the output stream.","Remind the student that automated grading systems and computers operate on strict literal matching. Emphasize that the machine has no concept of what a 'multiplication table' is; it only follows instructions to output specific strings, so a symbol like '*' is seen as completely different from 'x' despite their shared meaning in mathematics."
6,General,2,"The students operate under the belief that the compiler or automated judge is an intelligent entity capable of deducing their intention despite formal violations in the code's structure. This is evidenced by their use of incorrect class names, inclusion of package headers, or even switching to a different programming language (Scala), assuming the system will understand the 'goal' of the program (printing multiplication tables) and ignore the literal requirements of the environment and syntax.","Explain that programming is the process of providing literal, unambiguous instructions to a non-intelligent machine. Students must be taught that the computer does not 'understand' the problem description; it only processes the exact AST provided. Emphasize the necessity of adhering to strict interface requirements, such as the exact class naming convention (e.g., Main) and precise logical boundaries, as the system cannot 'guess' what the programmer meant to write."
7,General,1,"The student assumes the computer possesses a high-level understanding of the task (generating a multiplication table) and will bridge the gap between their imperfect code and the required output. This leads them to use natural language operators like 'x', ignore case-sensitivity in 'System', or start loops at 0, expecting the machine to deduce the correct 1-9 table format from the context of the problem.","Teach the concept of the 'literal-minded machine.' Explain that the computer cannot infer intention and will only execute the exact instructions provided; therefore, starting a loop at 0 or using 'x' instead of '*' will result in logical or syntax errors that the compiler cannot 'guess' how to fix."
8,General,1,"The students believe that the computer understands the high-level objective (creating a multiplication table) and will overlook formal deviations. This manifests as using incorrect case in method names (ValueOf), choosing similar but incorrect characters ('X' or '*' instead of 'x'), or neglecting the specific structural requirement of nested loops because a single loop 'represents' the idea to a human reader.","Explain that programming is an exercise in formal logic, not human communication. The compiler and automated graders are literal; they do not possess the context to understand that 'X' is intended as a multiplication sign or that a method named 'ValueOf' is meant to be 'valueOf'. Encourage students to treat the problem specification as a strict contract and the compiler as a tool that requires 100% adherence to syntax and signature rules."
9,General,1,"The students assume that the computer possesses a high-level understanding of the problem's goal (printing a multiplication table). They believe the machine can deduce that various representations of multiplication—such as using the '×' symbol, an asterisk '*', or adding spaces for readability—are semantically equivalent to the required format '1x1=1'.","Instruct the student on the nature of literal string matching in computing. Explain that an automated judge or computer system does not 'understand' the mathematical symbols in a string; it only compares character codes. A single character difference, such as 'x' (lowercase X) versus '×' (multiplication sign), results in a logic failure because the output stream does not match the expected pattern exactly."
10,Methods,137,"The students fail to distinguish between static (class-level) and dynamic (instance-level) contexts within the Java class structure. This results in structural errors such as attempting to use the 'this' keyword or calling non-static methods from the static main method, as well as providing incorrect main method signatures that prevent the JVM from recognizing the entry point.","Explain that 'static' members belong to the class definition and exist before any objects are instantiated. Because the entry point (main) must be static, it cannot access 'instance' methods directly because those require a 'new' object to exist. Students should be taught to either mark their helper methods as 'static' or instantiate their class within the main method to call non-static logic."
11,General,1,"The programmer assumes that the computer possesses an inherent understanding of the concept of a 'multiplication table' and will therefore interpret approximate code, incorrect symbols (like '*' vs 'x'), or invalid syntax (like '=<') as a valid expression of that goal. This leads to a disregard for the literal nature of string formatting and the strict requirements of the Java entry point and execution model.","Explain that the computer is a literal-minded processor that treats every character in a string and every symbol in syntax with absolute precision. Use a 'Blind Robot' analogy to show that if a robot is told to 'draw an x' but given a '*' brush, it cannot deduce that it should have used the 'x' brush based on the context of the task; the programmer must specify the exact character, boundary, and structure required by the output specification."
12,General,1,"The student assumes the programming environment is an intelligent agent capable of interpreting the overall 'goal' of the assignment. This leads them to believe that the computer can overlook fundamental formal errors—such as using the wrong programming language (C++ instead of Java), using semantically similar but technically out-of-scope variable names, or using mathematical symbols (×) instead of literal character requirements (x).","Shift the student's mental model from the computer as an 'intelligent assistant' to a 'literal machine.' Explain that a compiler possesses no knowledge of the programmer's goals and can only execute instructions that strictly follow the formal rules of the specific language's grammar, character set, and scope. Use the 'Literal Genie' analogy to demonstrate that the machine will only perform exactly what is written, not what is intended."
13,General,1,"The student assumes that the computer possesses a high-level understanding of the program's ultimate goal (printing a multiplication table) and will intuitively bridge the gap between their flawed or incomplete code and the required output. This leads the programmer to believe the system can ignore syntax errors, resolve uninitialized variables, translate different programming languages (like C++), or handle missing logical structures like nested loops because the 'intention' is clear.","To correct this, students must be taught the concept of the 'mechanical evaluator.' Explain that the compiler and JVM have no access to the programmer's intent or the problem description; they only process literal tokens. Exercises should involve 'manual tracing' where the student acts as a literal, unintelligent machine, following only what is written (e.g., realizing that a single loop can only print a line, not a grid, and that an uninitialized variable has no value to increment)."
14,General,1,"The student assumes the computer or evaluation system possesses an inherent understanding of the assignment's goal, leading them to provide code that is either incomplete, written in the wrong language, or logically unrelated to the problem. They believe the system will interpret their 'intent' to print a multiplication table regardless of the specific instructions or syntax provided in the source code.","Explain the concept of 'Literalness' in computing, where the machine executes exactly what is written without knowing the context of the homework description. Encourage the student to trace their code step-by-step and verify that every line explicitly contributes to the output required, emphasizing that the compiler cannot bridge the gap between their thoughts and the literal text of the program."
15,General,3,"The student assumes that the execution environment automatically manages variable states based on the logical context of the problem, such as resetting an inner loop counter or coordinating two multipliers to create a grid. This leads to code where variables are never reset for subsequent iterations (Sample 9) or where a single loop is expected to somehow produce a two-dimensional table (Samples 2, 3, 8, 7, and 10).","Instruct the student to perform a 'Hand Trace' or 'Desk Check' using a table to track variable values line-by-line. By manually recording the value of each variable (e.g., i and j) at every step, the student will see that the inner variable remains at 10 after the first iteration, proving that the computer does not 'know' to reset it without an explicit assignment like 'j = 1'."
16,General,1,"The programmer assumes that the computer understands the high-level intent of the task and will interpret the output accordingly. This leads to a disregard for strict character-by-character formatting requirements, such as including extra spaces, using different operators like '*' instead of 'x', or even submitting logic for an entirely different problem.","Explain that the computer is a literal-minded processor that performs exact string comparisons for output and follows instructions without any awareness of the problem description. Demonstrate that to the machine, '1x1=1' and '1 * 1 = 1' are completely different data points, regardless of their mathematical equivalence."
17,General,1,"The students assume the computer understands the high-level intent of the program (printing a multiplication table) and will compensate for imprecise code. This manifests as using conceptually similar but literally incorrect operators like '*' or '×' instead of 'x', providing incomplete loop logic (printing only the diagonal), or disregarding strict environment requirements such as specific class naming and package declarations.","Explain that the compiler and automated judge are literal processors with no 'common sense' or knowledge of the task's purpose. Emphasize that output must be a character-for-character match with the specification (e.g., 'x' is not the same as '*') and that the code structure must explicitly define every step of the process, such as using nested loops to represent a 2D table."
18,General,1,"The student assumes the compiler and execution environment can interpret the 'intent' of the code rather than executing its literal instructions. This manifests as a disregard for strict syntax (missing class names, improper concatenation) and precise output requirements (using '*' instead of 'x', or starting tables at index 0).","Remind the student that a computer is a 'literal' machine, not an 'intentional' one. It has no concept of what a 'multiplication table' is supposed to look like; it only knows how to process the exact characters and logic provided. Emphasize the importance of matching the problem's output specification character-for-character and ensuring the code is syntactically valid."
19,General,1,"The student assumes the computer understands the high-level intent of the program—to print a multiplication table—and will therefore interpret various mathematical symbols (×, *, +) or placeholder characters (??) as valid separators. They fail to realize that the machine lacks intuition and requires an exact, literal match of the string specification 'x' as defined in the problem description.","Instruct the student that automated evaluation is based on exact string matching, not mathematical equivalence. Explain that the computer does not see a 'multiplication table' but a stream of characters; therefore, symbols like '*' or '×' are not interchangeable with 'x' even if they represent the same concept in human mathematics. Emphasize that every character in the output, including class names and case sensitivity, is part of a rigid specification."
20,General,1,"The students assume that the computer or grading system 'understands' the intended outcome (printing a multiplication table) and will therefore be flexible with the implementation. This leads them to believe that variations in class names, unnecessary object instantiations, or deviations in output symbols and delimiters are acceptable as long as the underlying mathematical logic is correct.","Explain that automated graders and compilers perform literal matching and strict adherence to rules, lacking any human-like 'intuition' or ability to deduce intent. Instruct the student to treat the problem specification as a strict contract, where every detail—from the class name and range of the loops to the exact character formatting in the output—must be followed precisely."
21,ERROR,ERROR,"429 RESOURCE_EXHAUSTED. {'error': {'code': 429, 'message': 'You exceeded your current quota, please check your plan and billing details. For more information on this error, head to: https://ai.google.dev/gemini-api/docs/rate-limits. To monitor your current usage, head to: https://ai.dev/rate-limit. \n* Quota exceeded for metric: generativelanguage.googleapis.com/generate_content_free_tier_requests, limit: 20, model: gemini-3-flash\nPlease retry in 35.903574961s.', 'status': 'RESOURCE_EXHAUSTED', 'details': [{'@type': 'type.googleapis.com/google.rpc.Help', 'links': [{'description': 'Learn more about Gemini API quotas', 'url': 'https://ai.google.dev/gemini-api/docs/rate-limits'}]}, {'@type': 'type.googleapis.com/google.rpc.QuotaFailure', 'violations': [{'quotaMetric': 'generativelanguage.googleapis.com/generate_content_free_tier_requests', 'quotaId': 'GenerateRequestsPerDayPerProjectPerModel-FreeTier', 'quotaDimensions': {'location': 'global', 'model': 'gemini-3-flash'}, 'quotaValue': '20'}]}, {'@type': 'type.googleapis.com/google.rpc.RetryInfo', 'retryDelay': '35s'}]}}",
22,ERROR,ERROR,"429 RESOURCE_EXHAUSTED. {'error': {'code': 429, 'message': 'You exceeded your current quota, please check your plan and billing details. For more information on this error, head to: https://ai.google.dev/gemini-api/docs/rate-limits. To monitor your current usage, head to: https://ai.dev/rate-limit. \n* Quota exceeded for metric: generativelanguage.googleapis.com/generate_content_free_tier_requests, limit: 20, model: gemini-3-flash\nPlease retry in 30.158946661s.', 'status': 'RESOURCE_EXHAUSTED', 'details': [{'@type': 'type.googleapis.com/google.rpc.Help', 'links': [{'description': 'Learn more about Gemini API quotas', 'url': 'https://ai.google.dev/gemini-api/docs/rate-limits'}]}, {'@type': 'type.googleapis.com/google.rpc.QuotaFailure', 'violations': [{'quotaMetric': 'generativelanguage.googleapis.com/generate_content_free_tier_requests', 'quotaId': 'GenerateRequestsPerDayPerProjectPerModel-FreeTier', 'quotaDimensions': {'location': 'global', 'model': 'gemini-3-flash'}, 'quotaValue': '20'}]}, {'@type': 'type.googleapis.com/google.rpc.RetryInfo', 'retryDelay': '30s'}]}}",
23,ERROR,ERROR,"429 RESOURCE_EXHAUSTED. {'error': {'code': 429, 'message': 'You exceeded your current quota, please check your plan and billing details. For more information on this error, head to: https://ai.google.dev/gemini-api/docs/rate-limits. To monitor your current usage, head to: https://ai.dev/rate-limit. \n* Quota exceeded for metric: generativelanguage.googleapis.com/generate_content_free_tier_requests, limit: 20, model: gemini-3-flash\nPlease retry in 24.384955767s.', 'status': 'RESOURCE_EXHAUSTED', 'details': [{'@type': 'type.googleapis.com/google.rpc.Help', 'links': [{'description': 'Learn more about Gemini API quotas', 'url': 'https://ai.google.dev/gemini-api/docs/rate-limits'}]}, {'@type': 'type.googleapis.com/google.rpc.QuotaFailure', 'violations': [{'quotaMetric': 'generativelanguage.googleapis.com/generate_content_free_tier_requests', 'quotaId': 'GenerateRequestsPerDayPerProjectPerModel-FreeTier', 'quotaDimensions': {'model': 'gemini-3-flash', 'location': 'global'}, 'quotaValue': '20'}]}, {'@type': 'type.googleapis.com/google.rpc.RetryInfo', 'retryDelay': '24s'}]}}",
24,ERROR,ERROR,"429 RESOURCE_EXHAUSTED. {'error': {'code': 429, 'message': 'You exceeded your current quota, please check your plan and billing details. For more information on this error, head to: https://ai.google.dev/gemini-api/docs/rate-limits. To monitor your current usage, head to: https://ai.dev/rate-limit. \n* Quota exceeded for metric: generativelanguage.googleapis.com/generate_content_free_tier_requests, limit: 20, model: gemini-3-flash\nPlease retry in 18.652838364s.', 'status': 'RESOURCE_EXHAUSTED', 'details': [{'@type': 'type.googleapis.com/google.rpc.Help', 'links': [{'description': 'Learn more about Gemini API quotas', 'url': 'https://ai.google.dev/gemini-api/docs/rate-limits'}]}, {'@type': 'type.googleapis.com/google.rpc.QuotaFailure', 'violations': [{'quotaMetric': 'generativelanguage.googleapis.com/generate_content_free_tier_requests', 'quotaId': 'GenerateRequestsPerDayPerProjectPerModel-FreeTier', 'quotaDimensions': {'location': 'global', 'model': 'gemini-3-flash'}, 'quotaValue': '20'}]}, {'@type': 'type.googleapis.com/google.rpc.RetryInfo', 'retryDelay': '18s'}]}}",
25,ERROR,ERROR,"429 RESOURCE_EXHAUSTED. {'error': {'code': 429, 'message': 'You exceeded your current quota, please check your plan and billing details. For more information on this error, head to: https://ai.google.dev/gemini-api/docs/rate-limits. To monitor your current usage, head to: https://ai.dev/rate-limit. \n* Quota exceeded for metric: generativelanguage.googleapis.com/generate_content_free_tier_requests, limit: 20, model: gemini-3-flash\nPlease retry in 12.879344702s.', 'status': 'RESOURCE_EXHAUSTED', 'details': [{'@type': 'type.googleapis.com/google.rpc.Help', 'links': [{'description': 'Learn more about Gemini API quotas', 'url': 'https://ai.google.dev/gemini-api/docs/rate-limits'}]}, {'@type': 'type.googleapis.com/google.rpc.QuotaFailure', 'violations': [{'quotaMetric': 'generativelanguage.googleapis.com/generate_content_free_tier_requests', 'quotaId': 'GenerateRequestsPerDayPerProjectPerModel-FreeTier', 'quotaDimensions': {'location': 'global', 'model': 'gemini-3-flash'}, 'quotaValue': '20'}]}, {'@type': 'type.googleapis.com/google.rpc.RetryInfo', 'retryDelay': '12s'}]}}",
